,gid,objectid,age_code,geom_id,shape_leng,shape_area
count,1.0,1.0,1.0,1.0,1.0,1.0
mean,1893.0,1895.0,99.0,997.0,71934.0523705,119047193.558
std,,,,,,
min,1893.0,1895.0,99.0,997.0,71934.0523705,119047193.558
25%,1893.0,1895.0,99.0,997.0,71934.0523705,119047193.558
50%,1893.0,1895.0,99.0,997.0,71934.0523705,119047193.558
75%,1893.0,1895.0,99.0,997.0,71934.0523705,119047193.558
max,1893.0,1895.0,99.0,997.0,71934.0523705,119047193.558
